Compound;Mass;DB5
(1,1-dimethylethyl)-4-methoxyphenol;0;1488
(E,E)-2,4-decadienal;152;1295
(E,E)-2,4-decadienal;152;1316
(E,E)-2,4-decadienal;152;1322
(E,E)-2,4-heptadienal;110;998
(E,E)-2,4-heptadienal;110;1008
(E,E)-2,4-heptadienal;110;1013
(E,E)-2,4-hexadienal;96;912
(E,E)-2,4-nonadienal;138;993
(E,E)-2,4-nonadienal;138;1218
(E,E)-2,4-nonadienal;138;1222
(E,E)-2,4-octadienal;0;1109
(E,E)-decadienal;0;1330
(E,E)-pseudoionone;140;1581
(E,Z)-2,4-decadienal;152;1319
(E,Z)-2,6-nonadienal;138;1155
(E,Z)-3,5-octadien-2-one;124;1098
(E)-2-heptenal;112;953
(E)-2-heptenal;112;954
(E)-2-hexen-1-ol;100;858
(E)-2-hexenal;98;848
(E)-2-hexenal;98;862
(E)-2-hexenyl acetate;142;1014
(E)-2-hexenyl butanoate;170;1191
(E)-2-hexenyl hexanoate;198;1387
(E)-2-octen-1-ol;0;1067
(E)-2-octenal;126;1059
(E)-2-octenal;126;1062
(E)-5-octadecene;0;1894
(E)-9-octadecene;0;1491
(Indolyl-2)-(5-methyl furyl-2)methane;0;1934
(Indolyl-2)-(furyl-2)methane;0;1850
(Indolyl-3)-(2-Formyl 5-methyl pyrrolyl-1)ethane;0;2479
(Indolyl-3)-(2-formylpyrrolyl-1)ethane;0;2372
(Indolyl-3)-(2-methyl pyrrolyl-1)ethane;0;2180
(Indolyl-3)-(2,5-dimethyl pyrrolyl-1)ethane;238;2271
(Indolyl-3)-(5-methyl furyl-2)ethane;0;2077
(Indolyl-3)-(5-methyl fuyrl-2)ethylene;0;2360
(Indolyl-3)-(5-methyl-furyl-2)methane;211;1990
(Indolyl-3)-(furyl-2)ethane;0;1992
(Indolyl-3)-(furyl-2)ethylene;0;2252
(Indolyl-3)-(furyl-2)methane;0;1903
(Indolyl-3)-(pyrrolyl-1)ethane;0;2097
(Z,Z)-2,4-decadienal;152;1295
(Z,Z)-2,4-heptadienal;110;996
(Z,Z)-2,4-nonadienal;138;1194
(Z)-1,5-octadien-3-one;124;988
(Z)-2-nonenal;140;1151
(Z)-3-hexen-1-ol;100;849
(Z)-3-hexenyl acetate;142;1005
(Z)-3-hexenyl butanoate;170;1183
(Z)-3-hexenyl hexanoate;198;1379
(Z)-4-heptenal;112;904
1-(1-methylethoxy)butane;0;725
1-(2-furfuryl)pyrrole;147;1186
1-butanol;74;653
1-Ethylpyrrole;0;820
1-heptene;98;693
1-hexanol;102;865
1-methyl-2-butylpyrrole;0;1153
1-methyl-4-(methylthio)benzene;138;1316
1-methylcyclopentanol;100;796
1-methylpyrrole;0;747
1-nonen-3-ol;142;1293
1-octen-3-ol;128;978
1-octen-3-ol;128;980
1-octen-3-ol;128;982
1-octen-3-ol;128;988
1-pentanol;88;761
1-pentanol;88;765
1-pentanol;88;771
1-pentanol;88;772
1-penten-3-ol;86;685
1-Propanol;0;521
1,1-dimethylcyclopentane;98;1199
1,1-diphenylhydrazine;184;1623
1,1'-biphenyl;154;1381
1,2-Dimethylpyrrole;0;876
1,2,3-trimethylbenzene;120;996
1,2,3,4-tetrahydro-1,1,6-trimethylnaphthalene;174;1349
1,2,3,4-tetrahydro-1,5,7-trimethylnaphthalene;174;1310
1,3-dihydro-2H-imidazo[4,5-b]pyridin-2-one;0;1740
1,3-dimethoxybenzene;138;1358
1,3-nonadiene;0;930
1,3,5-cyclooctatriene;106;890
1,3,5-trimethylbenzene;120;1002
1,4-dimethylbenzene (p-xylene);106;865
2-[(methyldithio)methyl]furan (2-furfurylmethyl disulfide);160;1223
2-[(methyldithio)methyl]furan (2-furfurylmethyl disulfide);160;1238
2-[(methylthio)methyl]furan (2-furfurylmethyl sulfide);128;1002
2-acetyl-1-methylpyrrole;123;1075
2-acetyl-1-pyrroline;111;928
2-acetyl-3-methylthiophene;140;1161
2-acetyl-4-methylthiophene;140;1212
2-acetyl-5-methylthiophene;140;1152
2-acetylfuran;110;908
2-acetylfuran;110;909
2-acetylpyrazine;122;1039
2-acetylthiazole;127;1015
2-acetylthiophene;126;1092
2-butanoylfuran;138;1098
2-butyl-2-octenal;0;1389
2-butyl-4-methylthiazole;155;1172
2-butyl-4,5-dimethylthiazole;169;1222
2-butyl-5-ethylthiophene;168;1249
2-butylfuran;124;888
2-butylfuran;124;893
2-butylphenol;0;1784
2-butylthiazolidine;145;1243
2-butylthiophene;140;1061
2-butylthiophene;140;1069
2-cyclohexenone;96;885
2-decanone;156;1193
2-decanone;156;1200
2-dodecanone;184;1396
2-dodecanone;184;1404
2-ethenyl-6-methylpyrazine;120;1012
2-ethenylfuran;0;761
2-ethenylpyrazine;0;926
2-ethoxythiazole;129;967
2-ethyl-1-hexanol;130;1028
2-ethyl-1-hexenol;0;1035
2-ethyl-1,4-dimethylbenzene;134;1411
2-ethyl-3-hydroxyhexyl 2-methylpropanoate;216;1373
2-ethyl-3-methylpyrazine;122;1001
2-ethyl-3-methylpyrazine (or 3-ethyl-2-methylpyrazine);122;1013
2-ethyl-3,5-dimethylpyrazine;136;1093
2-ethyl-3,6-dimethylpyrazine;136;1086
2-ethyl-4-methylthiazole;127;983
2-ethyl-4-pentenal;0;959
2-ethyl-4,5-dimethylthiazole;141;1093
2-ethyl-5-methyl-1,2,3-trithiolane;166;1244
2-ethyl-5-methylfuran;110;771
2-ethyl-5-methylpyrazine;122;997
2-ethyl-5-methylpyrazine (or 5-ethyl-2-methylpyrazine);122;1008
2-ethyl-5-methylthiophene;126;969
2-ethyl-6-methylpyrazine;122;994
2-ethyl-6-methylpyrazine;122;1008
2-ethylcyclohexanol;128;1158
2-ethylfuran;96;701
2-ethylfuran;96;705
2-ethylhexanoic acid;144;1128
2-ethylpyrazine;108;913
2-ethylpyrazine;108;928
2-ethylpyridine;107;912
2-ethylthiazolidine;117;1034
2-ethylthiophene;112;863
2-ethylthiophene;112;874
2-formyl-1-methylpyrrole;109;1004
2-formyl-3-methylthiophene;126;1125
2-formyl-5-methylthiophene;126;1121
2-formylthiophene;112;1000
2-Furfural;96;832
2-furylmethanol;98;853
2-furylmethanol;98;854
2-furylmethanol;98;856
2-heptanone;114;891
2-heptanone;114;893
2-heptanone;114;898
2-heptylfuran;166;1191
2-heptylthiophene;182;1375
2-hexanone;100;789
2-hexanone;100;790
2-hexanone;100;793
2-hexanone;100;801
2-hexylfuran;152;1089
2-hexylfuran;152;1095
2-hexylthiophene;168;1270
2-isobutyl-4-methylthiazole;155;1115
2-isobutyl-4,5-dimethylthiazole;169;1190
2-isobutylthiazole;141;1050
2-isopropyl-4-methylthiazole;141;1030
2-isopropyl-5-methyl-2-hexenal;0;1106
2-methoxy-3-isobutylpyrazine;166;1187
2-methyl-1-butanol;88;742
2-methyl-1-propanol;0;609
2-methyl-1-propyl acetate;0;758
2-methyl-2-butenal;84;777
2-methyl-3-(methylthio)furan;128;948
2-methyl-3-(methylthio)furan;128;959
2-methyl-3-ethylpyrazine;122;1013
2-methyl-3-furanthiol;114;868
2-methyl-3-hexanone;0;734
2-methyl-4,5-dihydrothiazole;0;883
2-methylbenzaldehyde;120;1070
2-methylbutanal;86;652
2-methylcyclopentan-1-one;98;810
2-methylcyclopentanol;100;1217
2-methylcyclopentanone;98;848
2-methylfuran;82;633
2-methylhexanal;0;887
2-methylhexane;100;696
2-methylphenol (o-cresol);108;1071
2-methylpropanal;86;637
2-methylpyrazine;94;840
2-methylthiazole;99;833
2-methylthiazolidine;103;932
2-methylthiazolidine;103;934
2-methylthiophene;98;759
2-methylthiophene;98;780
2-methylundecane;0;1213
2-nonanone;142;1093
2-nonanone;142;1099
2-octanone;128;993
2-octanone;128;998
2-octylfuran;180;1292
2-octylfuran;180;1300
2-octylthiophene;196;1482
2-oxo-1-methyl-3-isopropylpyrazine;0;1225
2-pentadecanone;226;1693
2-pentadecanone;226;1711
2-pentanone;86;683
2-pentanone;86;688
2-pentanone;86;690
2-pentylfuran;138;988
2-pentylfuran;138;989
2-pentylfuran;138;992
2-pentylfuran;138;994
2-pentylfuran;138;995
2-pentylpyridine;199;1199
2-pentylthiophene;154;1165
2-phenyl-2-butenal;0;1273
2-phenyl-3-methylpyrrole;0;1980
2-phenylacetaldehyde;0;1046
2-phenylethanal;0;1043
2-phenylethanol;122;1116
2-propionylfuran;124;1005
2-propionylthiophene (1-(2-thienyl)-1-propanone);140;1188
2-propyl-4,5-dimethylthiazole;155;1180
2-propylfuran;110;800
2-propylfuran;110;861
2-propylthiazolidine;131;1135
2-propylthiazolidine;131;1136
2-propylthiophene;126;956
2-propylthiophene;126;966
2-quinazolinamine;0;1748
2-tridecanone;198;1496
2-tridecanone;198;1506
2-undecanal;0;1376
2-undecanone;170;1274
2-undecanone;170;1294
2-undecanone;170;1302
2-undecenal;168;1159
2,2,4-trimethylheptane;142;875
2,2,4-trimethylhexane;128;777
2,2,5,5-tetramethylhexane;142;870
2,2,5,5-tetramethylhexane;142;1052
2,2,6-trimethylcyclohexanone;140;1036
2,2,8-trimethyldecane;184;1022
2,3-diethyl-5-methylpyrazine;150;1161
2,3-diethylpyrazine;136;1090
2,3-dihydro-1,1,4,5-tetramethyl-1(H)-indene;0;1355
2,3-dimethyl-2-pentene;98;847
2,3-dimethylpyrazine;108;915
2,3-dimethylpyrazine;108;930
2,3-hexanedione;114;777
2,3-pentanedione;100;658
2,3-pentanedione;100;670
2,3-pentanedione;100;702
2,3,5-trimethyl-1,4-benzenediol;152;1210
2,3,5-trimethyldecane;0;1411
2,3,5-trimethylhexane;128;810
2,3,5,6-tetramethylpyrazine;136;1095
2,4-dimethyl-2-decene;168;955
2,4-dimethylhexane;114;736
2,4-dimethylthiazole;113;896
2,4-diphenyl-1H-pyrrole;0;1790
2,4-heptadienal;110;996
2,4,5-trimethylthiazole;127;1008
2,4,6-trimethylpyridine;0;1744
2,5-dimethyl-2-undecene;182;1033
2,5-dimethyl-4-ethylthiazole;141;1063
2,5-dimethylphenol;122;1108
2,5-dimethylpyrazine;108;925
2,5-dimethylthiophene;112;870
2,6-bis(1,1-dimehylethyl)-2,5-cyclohexadiene-1,4-dione;0;1462
2,6-bis(1,1-dimethylethyl)-4-ethylphenol;234;1760
2,6-dimehtylpyrazine;0;909
2,6-dimethylcyclohexanol;128;1112
2,6-dimethylpyrazine;108;925
3- or 4-methylpyridine;0;868
3-(2'-Furyl)-2-phenyl-2-propenale;0;1582
3-(2'-Hydroxyethyl)indole;161;1765
3-(5'-Hydroxymethyl-2'-furyl)-2'-furyl)-2-phenyl-2-propenale;0;1965
3-(5'-Methyl-2'-furyl)-2-phenyl-propenale;0;1693
3-(5'Formyl-2'-furyl)-2-phenyl-2-propenale;0;1881
3-(methylthio)propanal (methional);104;909
3-acetyl-2,5-dimethylfuran;138;1086
3-acetyl-2,5-dimethylthiophene;154;1280
3-amino-5,6-dimethyltriazolo[4,3-a]pyrazine;0;1758
3-butenoic acid;0;649
3-ethyl-2-methylhexane;0;896
3-ethylthiophene;0;912
3-hexanone;100;784
3-hexanone;100;788
3-Hydroxy-2-butanone;88;705
3-hydroxy-2-methyl-4-pyranone;0;1110
3-indolyl-acetonitrile;156;1813
3-methoxy-(1H)-indazole;0;1699
3-methyl-1-butanol;88;739
3-methyl-1-butyl acetate;0;876
3-methyl-1,2-benzisothiazole;0;1763
3-methyl-1,2,4-trithiane;152;1255
3-methyl-2-butanone;0;532
3-methyl-2-butenoic acid;100;921
3-methyl-2-cyclopenten-1-one;96;955
3-methylbutanal;86;642
3-methylbutanal;86;659
3-methylbutyl acetate;130;864
3-methylcyclopentan-1-one;98;820
"3-methylpyridine; ethylbenzene";0;869
3-methylthiophene;98;772
3-methylthiophene;98;786
3-methylthiopropanal;0;901
3-propyl-1H-1,2,4-triazole;0;1172
3-propylcyclopentene;110;885
3-propylthiophene;0;1019
3-tetradecene;196;1072
3,3-dimethylpentane;0;917
3,4-hexanedione;114;796
3,5-dimethyl-1,2,4-trithiolane;152;1142
3,5,5-trimethyl-2-cyclohexen-1-ol;140;1147
3,8-dimethylundecane;184;1063
3(2H)-furanone;0;924
4-(1-methylpropyl)phenol;0;1750
4-(2,2,3,3-tetramethylbutyl)phenol;0;1725
4-acetyl-1,2,3,5,5-pentamethyl-2-cyclopenten-1-one;194;1216
4-decanolide (gamma-decalactone);170;1476
4-dodecanolide (gamma-dodecalactone);198;1681
4-ethyl-2,6-dimethylpyridine;0;1772
4-ethyl-5-methylthiazole;127;1017
4-ethyl-5-methylthiazole;127;1037
4-ethylbenzaldehyde;134;1171
4-hydroxy-5-methyl-3(2H)-furanone;114;1046
4-methyl-1-decene;154;1278
4-methyl-4-mercapto-2-pentanone;132;839
4-methylpentanoic acid;0;949
4-methylthiazole;99;828
4-nonanolide (gamma-nonalactone);156;1360
4-nonylphenol;0;1733
4-octanolide (gamma-octalactone);142;1255
4-pentylbenzaldehyde;0;1476
4-terpineol;154;1182
4-undecanolide (gamma-undecalactone);184;1656
4,5-dimethylthiazole;113;934
5-decanolide (delta-decalactone);170;1493
5-ethyl-2(H)-furanone;112;954
5-ethyl-4-methylthiazole;127;1043
5-methyl-2-ethylpyridine;121;1023
5-methyl-2-furanthiol;114;974
5-methyl-2-phenyl-2-hexenal;0;1495
5-methylene-2(5H)-furanone;0;878
5-methylfurfural;110;959
5-methylfurfural;110;963
5-methylfurfural;110;965
5-propyldecane;184;1311
6-methyl-5-hepten-2-one;126;984
6,10,14-trimethyl-2-pentadecanone;268;1848
6,10,14-trimethyl-5,9,13-pentadecatrien-2-one;262;1912
7-octen-4-ol;0;983
9-methyl-5-undecene;168;957
a-bergamotene;0;1734
a-terpinene;0;1065
a-terpineol;154;1197
Abieta-7,13-diene-3-one;0;2302
Abietadiene;0;2080
Abietal;0;2302
Abietal <4-epi>;0;2288
Abietatriene;0;2054
Abietol;0;2391
Abietol;0;2455
acetophenone;120;1065
Acetophenone;0;1182
Acetophenone <3'-methoxy->;0;1297
Acetophenone <4'-methoxy->;0;1348
Acetoxylelemol <8-alpha->;0;1789
Acetylfuran <2->;0;910
Acetylpyridine <2->;0;1032
Acetylpyrrole <2->;0;1060
Acetylthiophene <2->;0;1086
Acor-4-ene <6,11-oxido->;0;1531
Acoradiene;0;1463
Acoradiene;0;1466
Acoradienol;0;1757
Acorenol;0;1630
Acorenol;0;1634
Acorenone;0;1685
Acorone;0;1806
Agrofuran;0;1545
Alaskene;0;1513
Allyl butyrate;0;883
Allyl cyclohexyl propanate;0;1420
Allyl decanoate;0;1477
Allyl hexanoate;0;1080
Allyl tiglate;0;1022
alpha-copaene;204;1922
alpha-ionone;192;1422
alpha-terpineol;154;1199
Ambersage;0;1263
Ambrinol;0;1412
Ambrinol;0;1436
Ambroxide;0;1756
Amyl cinnamaldehyde <(E)->;0;1664
Amyl cinnamaldehyde <(Z)->;0;1645
Amyl cinnamic alcohol <(E)->;0;1657
an aldehyde;0;913
Andro encecalinol;0;1675
Anethole <(E)->;0;1283
Anethole <(Z)->;0;1251
Anis aldehyde;0;1252
Anisole;0;917
Anisole;0;1019
Anisyl acetate;0;1416
Anisyl alcohol;0;1279
Anisyl formate;0;1330
Anisyl propanate;0;1510
Anthranilate;0;1410
Apiole;0;1680
Apofarnesal <(E)-dihydro->;0;1518
Apofarnesal <(Z)-dihydro->;0;1496
Apofarnesol <(E)-dehydro->;0;1587
Apofarnesol <(Z)-dehydro->;0;1568
Aporfarnesal <(Z)-dihydro->;0;1496
Arbusculone;0;1052
Arbusculone;0;1070
Aristolone;0;1756
Aromadendrane;0;1459
aromadendrene;0;1439
Aromadendrene;0;1461
Arteannuic alcohol;0;1593
Artedouglasia oxide A;0;1535
Artedouglasia oxide B;0;1580
Artedouglasia oxide C;0;1522
Artedouglasia oxide D;0;1559
Artemisia alcohol;0;1083
Artemisia ketone;0;1062
Artemisia triene;0;929
Artemisyl acetate;0;1173
Asarone <(E)->;0;1679
Asarone <(Z)->;0;1622
Ascaridole;0;1301
Atlantone <(E)-alpha->;0;1773
atlantone <(E)-gamma->;0;1701
Atlantone <(Z)-alpha->;0;1713
Atlantone <(Z)-gamma->;0;1689
Atractylone;0;1653
Azulene;0;1299
Bakerol;0;1444
benzaldehyde;106;924
benzaldehyde;106;957
benzaldehyde;106;960
benzaldehyde;106;961
benzaldehyde;106;962
Benzene;0;1158
Benzene <1,3-dimethoxy->;0;1164
Benzene <2-methoxyethyl->;0;1080
Benzene acetaldehyde;0;1043
Benzene acetic acid, ethyl ester;0;1244
BEnzene acetic acid, methyl ester;0;1176
Benzene methanol;0;1060
Benzeneacetic acid, 3-methylphenyl ester;0;1825
benzofuran;118;1000
BEnzoin;0;1798
benzothiazole;135;1224
benzyl acetate;0;1163
benzyl alcohol;0;1032
benzyl benzoate;0;1762
Benzyl butyrate;0;1345
Benzyl formate;0;1076
Benzyl salicylate;0;1863
Benzyl tiglate;0;1496
Benzylpyrazine;0;2260
BErgamal;0;1055
BErgamote;0;1415
Bergamotene;0;1436
Bergamotol <(Z)-alpha-trans->;0;1798
Bergamotol acetate <(Z)-alpha-trans->;0;1798
Bergaptene;0;2026
Bergaptene;0;2048
beta-cyclocitral;0;1219
beta-ionone;192;1482
beta-phellandrene (5-isopropyl-6-methylenecyclohexene);136;978
beta-pinene;136;990
Beyerene;0;1924
BHT (2,6-di-tert-butyl-4-methylphenol);220;1504
bicyclogermacrene;0;1494
Bifloratriene;0;1974
Biotol;0;1609
bis(2-ethylhexy) phthalate;0;2563
bis(2-furfuryl)disulfide (difurfuryl disulfide);226;1729
bis(2-methoxyethyl) phthalate;0;1986
Bisabolen-12-ol;0;1760
bisabolenal;0;1764
Bisabolene;0;1509
Bisabolene <(E)-gamma->;0;1533
Bisabolene <(Z)-alpha->;0;1504
Bisabolene <(Z)-gamma->;0;1515
Bisabolene <6R, 7R->;0;1737
Bisabolene <6S, 7R->;0;1744
Bisabolene oxide A;0;1683
Bisabolenol;0;1786
Bisabolol;0;1683
Bisabolol;0;1686
Bisabolol;0;1786
Bisabolol acetate;0;1796
Bisabolol acetate;0;1801
Bisabolol oxide A;0;1744
Bisabolol oxide B;0;1655
borneol;154;1165
bornyl acetate;196;1285
bornyl acetate;196;1287
Bornyl angelate;0;1563
Bourbonanol;0;1515
Bourbonanone <1-nor->;0;1558
Bourbonene;0;1384
Bulnesene;0;1505
Bulnesol;0;1666
butanal;72;595
butanal;72;596
Butanedioic acid, diethyl ester;0;1179
Butanediol <2,3->;0;769
Butanedione;0;560
butanethiol;90;718
butanoic acid;0;1609
Butanoic acid, butyl ester;0;993
Buten-1-ol <3-methyl-3->;0;629
Buten-1-ol acetate <3-methyl-3->;0;883
Buten-2-ol acetate <2-methyl-3->;0;774
Butten-1-ol <3-methyl-2->;0;778
butyl acetate;116;813
Butyl acetate <1->;0;812
Butyl chromone <2->;0;1811
Butyl methyl ether;0;816
butyl n-hexanoate;0;1188
Butylated hydroxytoluene;220;1512
butylbenzene;134;1067
butylcyclopentane;0;941
Butylidene-phthalide <(E)-3->;0;1711
Butylidene-phthalide <(Z)-3->;0;1668
Butyrophenone;0;1251
cadalene;0;1674
Cadina-1,4-diene;0;1532
cadinene;0;1513
Cadinene;0;1524
Cadinene;0;1538
Cadinene <14-hydroxy-delta->;0;1799
Cadinol;0;1640
Cadinol;0;1653
Calacorene;0;1542
Calacorene;0;1563
Calamenene;0;1521
camphene;136;953
camphene hydrate;0;1148
Camphenilone;0;1083
Camphenol <6->;0;1109
Camphenone <6->;0;1093
Canellal (=muzigadial);0;2036
Carene;0;1001
Carene;0;1011
Carissone;0;1922
Carotol;0;1594
Carvacrol;0;1298
Carvacrol acetate;0;1371
Carvacrol, ethyl ether;0;1297
Carvacrol, methyl ether;0;1244
Carvenone;0;1252
Carveol;0;1217
Carveol;0;1229
Carvomenthyl acetate;0;1351
Carvone;150;1242
Carvone oxide;0;1277
Carvotanacetone;0;1246
Carvotanacetone <6-hydroxy->;0;1304
Carvyl acetate;0;1337
Carvyl acetate;0;1362
Caryophyllene <(E)->;0;1418
Caryophyllene <(Z)->;0;1404
Caryophyllene <14-hydroxy-9-epi-(E)->;0;1664
Caryophyllene <9-epi-(E)->;0;1467
Caryophyllene acetate;0;1700
Caryophyllene alcohol;0;1568
Caryophyllene oxide;0;1581
Catalpalactone;0;2198
Catalplonol;0;1986
catalponol;0;2022
catalponone;0;1890
Cedr-8(15)-en-9-alpha-ol;0;1644
Cedr-8(15)-en-9-alpha-ol acetate;0;1739
Cedrane;0;1436
Cedrane;0;1441
Cedrane-diol <8S,13->;0;1894
Cedrane-diol <8S,14->;0;1885
Cedranol <5-neo->;0;1677
Cedranone <5->;0;1618
Cedranoxide <8,14->;0;1540
Cedren-13-ol <8->;0;1688
Cedren-13-ol acetate <8->;0;1795
Cedrene;0;1409
Cedrene;0;1418
Cedrene <1,7-di-epi-alpha->;0;1397
Cedrene <1,7-di-epi-beta->;0;1410
Cedrol;0;1596
Cedrol;0;1611
Cedroxyde;0;1704
Cedryl acetate;0;1762
Cedryl methyl ketone;0;1768
Cembrene;0;1929
Cembrene A <3E->;0;1942
Cembrene A <3Z-> (=neocembrene);0;1959
Chamazulene;0;1724
Chamigrene;0;1475
Chamigrene;0;1500
Chavicol;0;1253
Chrysanthenol;0;1162
Chrysanthenone;0;1123
Chrysanthenyl acetate;0;1235
Chrysanthenyl acetate;0;1262
Cineole;0;991
Cineole <1,4->;0;1016
Cineole <1,8->;0;1033
Cinnamaldehyde;0;1561
Cinnamaldehyde <(E)->;0;1266
Cinnamaldehyde <(Z)->;0;1214
Cinnamaldehyde <2-hexyl-(E)->;0;1745
Cinnamaldehyde <2-hexyl-(Z)->;0;1769
Cinnamic acid <(E)->;0;1438
Cinnamyl acetate <(E)->;0;1443
Cinnamyl acetate <(Z)->;0;1386
Cinnamyl alcohol <(E)->;0;1300
Cinnamyl alcohol <(Z)->;0;1259
cis-2-heptenal;0;956
cis-2-heptene;0;709
cis-2-octene;0;808
cis-3,5-dimethyl-1,2,4,trithiolane;0;1154
cis-dimethylthiirane;0;695
Citral;0;1316
Citral;0;1341
citral methyl acetal;0;1051
citronellal;154;1153
Citronellene;0;936
Citronellene;0;947
Citronellol;156;1228
citronellyl acetate;198;1354
Citronellyl formate;0;1275
Citronellyl isobutyrate;0;1482
Citronellyl n-butyrate;0;1529
Citronellyl propanoate;0;1444
Citronellyl tiglate <(E)->;0;1667
Citronellyl tiglate <(Z)->;0;1656
Clamenene;0;1532
Clovene;0;1454
Coniferyl alcohol <(E)->;0;1729
Coniferyl alcohol <(Z)->;0;1664
Copaen-4-alpha-ol;0;1584
Copaene;0;1376
coumarin;0;1429
Coumarin <3-methyl->;0;1493
Coumarin <3,4-dihydro->;0;1376
Coumarin <4-hydroxy->;0;1733
Coumarin <6-methyl->;0;1549
Coumarin <7-hydroxy->;0;1835
Coumarin <7-hydroxy-4-methyl->;0;1984
Coumarin <7-hydroxy-4,8-dimethyl->;0;2010
Cresol;0;1053
Cresol;0;1072
Cresol;0;1075
Cresol <2-methoxy-para->;0;1190
Cresol acetate;0;1134
Cresol acetate;0;1163
Cresol acetate;0;1168
Cresol octanoate;0;1774
Cresol, methyl ether;0;1020
Cryptomeridiol;0;1808
Crysolide;0;1721
Cubebene;0;1351
Cubebene;0;1390
Cubebol;0;1493
Cubebol;0;1514
Cubenol;0;1642
Cubenol (1,10-di-epi->;0;1614
Cubenol <1-epi->;0;1627
Cubitene;0;1872
Cumene;0;926
Cumin aldehyde;0;1239
Cuparene;0;1502
Curcumene;0;1480
Curcumene;0;1483
Curcumene;0;1512
Curcumenol;0;1726
Curcuphenol;0;1715
Curzerene;0;1496
Curzerenone;0;1601
Cyclamen aldehyde;0;1459
Cyclogeraniol;0;1361
Cyclogeraniol acetate;0;1481
cyclohexadecanolide;0;1928
Cyclohexanol acetate;0;1290
Cyclohexanol acetate;0;1310
Cyclohexanone <3-methyl->;0;952
Cyclopentadecanolide;0;1828
Cyclopentanol;0;781
cyclosativene;0;1368
Cymen-7-ol;0;1287
Cymen-7-ol acetate;0;1419
Cymen-8-ol;0;1180
Cymen-8-ol;0;1183
Cymen-9-ol;0;1206
Cymene;0;1022
Cymene;0;1026
Cymene;0;1082
Cymene <2,5-dimethoxy-para->;0;1423
Cymenene;0;1082
Cymenene;0;1089
Cyperene;0;1398
Damascenone <(E)-beta->;0;1380
Damascenone <(Z)-beta->;0;1359
Damascone <(E)-alpha->;0;1390
Damascone <(Z)-alpha->;0;1354
Damscone <(E)-beta->;0;1409
Damscone <(Z)-beta->;0;1383
Daucene;0;1380
Daucol;0;1638
Davanafuran;0;1414
Davanone;0;1586
Davanone-2-ol;0;1717
Dec-9-en-1-ol;0;1263
Decadienal <(E,E)-2,4->;0;1314
Decadienal <(E,Z)-2,4->;0;1291
Decahydro naphthalene;0;1057
Decahydro naphthalene;0;1097
Decalactone;0;1463
Decalactone;0;1493
decanal;156;1204
Decanal;0;1204
decanal;156;1205
decanal;156;1208
decanal;156;1217
decanal;156;1228
Decane;0;999
decane;142;1000
Decane <1,1-dimethoxy->;0;1377
Decanediol <1,10->;0;1548
decanoic acid;172;1373
decanol;158;1268
Decanol;0;1272
Decanol <3->;0;1188
Decanol acetate;0;1409
Decanone <2->;0;1192
Decanone <3->;0;1186
Decenal <(E)-2->;0;1261
Decenal <(E)-4->;0;1195
Decenal <(Z)-4->;0;1193
Decene <1->;0;991
Decyne <4->;0;1078
Dehydro abietal;0;2263
Dehydro abietol;0;2359
Dehydro elsholtzia ketone;0;1298
Dendrolasin;0;1574
Deodarone;0;1694
Desmethoxy encecalin;0;1646
diacetyl;86;616
Dicyclohexyl amine;0;1411
diethyl carbonate;0;765
diethyl phthalate;0;1585
Dihydro acrveol acetate;0;1325
Dihydro agarofuran;0;1496
Dihydro agarofuran <4-alpha-hydroxy->;0;1648
Dihydro carveol;0;1192
Dihydro carveol;0;1212
Dihydro carveol;0;1226
Dihydro carveol acetate;0;1303
Dihydro carveol acetate;0;1305
Dihydro carveol acetate;0;1356
Dihydro carvoen;0;1200
Dihydro carvone;0;1193
Dihydro citronellol;0;1196
Dihydro citronellol acetate;0;1320
Dihydro myrcenol;0;1072
Dihydro myrcenol acetate;0;1215
Dihydro tagetone;0;1054
Dihydro terpineol;0;1136
dihydro-actinidiolide;0;1561
dihydro-beta-ionone;194;1433
Dihydroterpineol;0;1158
Dill apiole;0;1622
Dill ether;0;1184
Dimethoxybenzene <1,4->;0;1163
Dimethyl aniline <2,6->;0;1164
dimethyl disulfide;94;727
Dimethyl phenol <2,6->;0;1102
Dimethyl styrene <2,5->;0;1096
dimethyl trisulfide;126;968
dipropyl disulfide;150;1107
Docosane;0;2200
Docosene <1->;0;2195
dodecanal;184;1407
dodecanal;184;1410
dodecanal;184;1415
dodecanal;184;1420
Dodecane;0;1199
dodecanoic acid;200;1566
dodecanoic acid;200;1568
Dodecanoic acid, butyl ester;0;1786
dodecanol;186;1470
Dodecanol;0;1473
Dodecanone <3->;0;1386
Dodecene <1->;0;1192
Dolabradiene;0;1967
Drima-7,9(11)-diene;0;1469
Drimenol;0;1759
Eicosane;0;2000
Eicosane <1->;0;1994
Elemene;0;1339
Elemene;0;1391
Elemenone;0;1594
Elemenone;0;1600
Elemicin;0;1554
Elemodiol <8-alpha-11->;0;1741
elemol;0;1549
Elsholtzia ketone;0;1199
Elsholtzione;0;1216
Encecalin;0;1866
Epizonarene;0;1497
ethyl 2-methylbutyrate;130;845
ethyl 2-methylpropanoate;0;729
ethyl 3-methylbutyrate;0;851
ethyl acetate;88;568
ethyl acetate;88;807
ethyl benzoate;0;1170
ethyl butyrate;0;799
ethyl butyrate;0;800
Ethyl chromone <2->;0;1610
Ethyl Cinnamate <(E)->;0;1462
Ethyl cinnamate <(Z)->;0;1374
ethyl decanoate;200;1390
ethyl decanoate;200;1391
ethyl decanoate;200;1394
ethyl dodecanoate;228;1595
ethyl heptanoate;0;1095
ethyl hexadecanoate;0;1993
ethyl hexanoate;144;996
Ethyl hexanoic acid <2->;0;1129
Ethyl hydroquinone;0;1412
Ethyl isovalerate;0;856
Ethyl menthone <2->;0;1278
Ethyl octadecanoate;0;2194
ethyl octanoate;172;1193
ethyl octanoate;172;1195
ethyl octanoate;172;1196
ethyl pentadecanoate;270;1991
ethyl pentanoate;0;989
ethyl phenylacetate;0;1235
ethyl propanoate;0;709
ethyl propanoate;0;714
ethyl salicylate;166;1267
ethyl salicylate;166;1269
ethyl tetradecanoate;256;1793
Ethylene brassylate;0;2010
ethylpyrazine;108;924
Eudesmol;0;1630
Eudesmol;0;1649
Eudesmol;0;1652
Eudesmol;0;1658
Eudesmol <10-epi-gamma->;0;1619
Eudesmol <7-epi-alpha->;0;1658
Eudesmol acetate;0;1778
Eudesmol acetate;0;1789
eugenol;164;1356
Eugenol;0;1365
Eugenol acetate;0;1536
Eugenyl acetate;0;1524
Eupatoriochromene;0;1759
Evodone;0;1339
Farnesene <(E,E)-alpha->;0;1508
Farnesene <(Z)-beta->;0;1443
farnesol;0;1712
Farnesol <(E,E)->;0;1722
Farnesol <(E,Z)->;0;1742
Farnesol <(Z,E)->;0;1697
Farnesol <(Z,Z)->;0;1713
Farnesyl acetate <(E,E)->;0;1842
Farnesyl acetate <(Z,E)->;0;1818
Fenchene;0;951
Fenchol;0;1112
Fenchol;0;1117
Fenchone;0;1087
Fenchyl acetate;0;1220
Ferenal;0;1507
Fernesene <(E)-beta->;0;1458
Ferruginol;0;2325
Ferruginol;0;2362
Ferruginol acetate;0;2357
Ferruginol acetate;0;2406
Foeniculin;0;1677
Fraganol;0;1212
furfural;96;830
furfural;96;836
furfural;96;868
furfural (2-furaldehyde);96;830
furfural (2-furaldehyde);96;891
Furfural <5-methyl->;0;962
furfural alcohol;0;863
Furfuryl butyrate;0;1171
Furfuryl heptanoate;0;1467
Furfuryl hexanoate;0;1367
Furfuryl octanoate;0;1567
Furfuryl pentanoate;0;1269
Furfuryl propanoate;0;1084
Furopelargone A;0;1540
Geijerene;0;1144
geranial;152;1270
geranial (citral);152;1268
geraniol;154;1221
geraniol;154;1255
geranyl acetate;196;1377
geranyl acetate;196;1383
Geranyl acetone;194;1453
Geranyl formate;0;1300
Geranyl isobutyrate;0;1514
Geranyl n-butyrate;0;1562
Geranyl n-propanoate;0;1475
Geranyl tiglate;0;1700
geranylacetone;194;1449
Germacrene A;0;1503
Germacrene B;0;1556
germacrene D;0;1480
Germacrene D-4-ol;0;1574
Germacrone;0;1693
Gleenol;0;1847
globulol;0;1583
Gossonorol;0;1638
Guaiacol;0;1086
Guaiacol acetate;0;1263
Guaiazulene;0;1772
Guaiene;0;1439
Guaiene;0;1490
Guaiene;0;1500
Guaiol;0;1595
Guaiol acetate;0;1724
Gurjunene;0;1409
Gurjunene;0;1432
Gurjunene;0;1473
Heneicosane;0;2100
Heptadecane;0;1700
Heptan-2-one <6-methyl-6-(3-methylphenyl)->;0;1637
heptanal;114;896
heptanal;114;898
heptanal;114;899
heptanal;114;901
heptanal;114;902
heptane;100;700
heptanoic acid;130;1086
heptanol;116;966
Heptanol;0;969
heptanol;116;972
Heptanol <2,6-dimethyl-2->;0;991
Heptanol acetate;0;1113
Heptanone <2->;0;889
Heptanone <2-methyl-4->;0;923
Heptanone <3-methyl-4->;0;929
Heptanone <5-methyl-3->;0;943
Hepten-2-ol <6-methyl-5->;0;992
Hepten-2-one <6-methyl-5->;0;985
Heptyl isobutyrate;0;1248
hexadecanal;240;1830
hexadecanal;240;1834
hexadecane;226;1600
Hexadecane;0;1600
hexadecanoic acid;0;1961
Hexadecanol;0;1879
Hexadecene <1->;0;1593
Hexadecyl acetate;0;2009
Hexadienal <2,4-(E,E)->;0;909
hexanal;100;787
hexanal;100;795
hexanal;100;798
hexanal;100;800
hexanal;100;801
hexanal;100;802
hexane;0;600
Hexanedione <3,4->;0;793
hexanoic acid;116;1828
hexanol;102;862
Hexanol;0;867
Hexanol <3-methylthio-1->;0;1203
Hexenal <(E)-2->;0;854
Hexenol <(E)-3->;0;851
Hexenol <(Z)-3->;0;857
Hexenol acetate <(E)-3->;0;1004
Hexenol acetate <(Z)-3->;0;1007
Hexenyl benzoate <(E)-2->;0;1583
Hexenyl benzoate <(Z)-3->;0;1570
Hexenyl butyrate <(E)-2->;0;1193
Hexenyl butyrate <(Z)-3->;0;1186
Hexenyl isobutyrate <(Z)-3->;0;1145
Hexenyl phenyl acetate <(Z)-3->;0;1631
Hexyl 2-methyl butyrate;0;1234
Hexyl 3-methyl butanoate;0;1234
hexyl acetate;0;1000
Hexyl acetate;0;1008
Hexyl acetate;0;1010
Hexyl benzoate;0;1576
Hexyl butyrate;0;1191
Hexyl isobutyrate;0;1150
Hexyl n-hexanoate;0;1383
Hexyl tiglate;0;1331
Himachalene;0;1447
Himachalene;0;1476
Himachalene;0;1499
Himachalene;0;1511
Himachalene;0;1526
Himachalene oxide;0;1610
Himachalol;0;1647
Hinesol;0;1638
Hinesol acetate;0;1782
Humulene;0;1440
Humulene;0;1454
Humulene <14-hydroxy-alpha->;0;1709
Humulene epoxide II;0;1606
Hydratropyl alcohol;0;1098
Hydrocinnamyl acetate;0;1369
Hydroxy citronellal;0;1285
Hydroxy citronellol;0;1362
Incensole;0;2152
Incensole acetate;0;2179
Incensole oxide;0;2290
Indanol <5->;0;1336
Indipone;0;1494
indole;117;1288
Ionone;0;1426
Ionone;0;1485
Ionone <6-methyl-alpha-(E)->;0;1518
Ionone <6-methyl-gamma-(E)->;0;1479
Iosmenthol;0;1182
Ipsdienol;0;1147
Ipsenol;0;1097
Isoamyl benzyl ether;0;1310
Isoamyl cinnamate <(E)->;0;1738
Isoamyl dodecanoate;0;1846
Isoamyl geranate;0;1650
Isoamyl nerolate;0;1601
isoborneol;0;1156
isoborneol;0;1234
Isoborneol <8-isobutyryloxy->;0;1628
Isobornyl 2-methyl butyrate;0;1520
Isobornyl acetate;0;1285
Isobornyl formate;0;1233
Isobornyl isobutyrate;0;1429
Isobornyl isobutyrate <5-hydroxy->;0;1655
Isobornyl isobutyrate <5-oxy->;0;1600
Isobornyl isobutyrate <6-hydroxy->;0;1642
Isobornyl isobutyrate <8-hydroxy->;0;1673
Isobornyl isobutyrate <8-isobutyryloxy->;0;1887
Isobornyl n-butyrate;0;1471
Isobornyl propanate;0;1381
isobutyl benzene;0;1065
Isobutyl salicylate;0;1422
Isocedranol <5->;0;1669
Isocitronellene;0;921
Isocomene;0;1386
Isocomene;0;1403
Isoelemicin <(E)->;0;1649
Isoelemicin <(Z)->;0;1573
Isoeugenol <(E)->;0;1447
Isoeugenol <(Z)->;0;1402
Isoeugenol acetate <(E)->;0;1611
Isoeugenol acetate <(Z)->;0;1563
Isogeijerene C;0;1250
Isohibaene;0;1923
Isokaurene;0;1988
Isoledene;0;1373
Isolimonene;0;983
Isolongifolanone;0;1606
Isolongifolanone;0;1618
isomaltol;0;981
Isomenthone;0;1164
Isomenthone <2-(3-oxobutyl)->;0;1622
Isomenthone <2-ethyl->;0;1289
Isomethyl acetate;0;1306
Isomethyl lactate;0;1488
isopentanoic acid;0;1650
Isopentyl 2-methyl butanoate;0;1099
Isopentyl acetate;0;876
Isopentyl alcohol;0;734
Isopentyl formate;0;792
Isopentyl isovalerate;0;1103
Isopentyl n-butyrate;0;1060
Isopentyl salicylate;0;1531
isophorone;138;1059
isophorone;138;1118
Isophorone <4-keto->;0;1142
Isophyllocladene;0;1963
isophytol;0;1944
Isopimar-9(11),15-diene;0;1989
Isopimarol;0;2301
Isopimpinellin;0;2227
Isopropyl butyrate;0;842
Isopropyl tiglate;0;973
ISopulegol;0;1145
isopulegol;0;1146
Isopulegol;0;1156
Isopulegol;0;1168
Isopulegol acetae;0;1308
Isopulegol acetate;0;1273
Isopulegol acetate;0;1281
Isosafrole <(E)->;0;1373
Isosafrole <(Z)->;0;1336
Isosylvestrene;0;1007
isovaleric acid;0;834
Italicene;0;1401
Jasmolactone <(E)->;0;1485
Jasmolactone <(Z)->;0;1483
Jasmone <(E)->;0;1388
Jasmone <(Z)->;0;1394
Juniper camphor;0;1691
Juniper camphor acetate;0;1832
Karahanaenone;0;1155
Kaurene;0;2034
Kessane;0;1528
Khusimene;0;1447
Khusimol;0;1736
Khusimone;0;1593
Khusinol;0;1674
Khusinol acetate;0;1816
Labd-13E-8,15-diol;0;2412
Laciniata furanone H;0;1539
Lanceol <(Z)->;0;1763
Laneol acetate <(Z)->;0;1860
Larixol acetate <(Z)->;0;1860
Laurenan-3-one;0;2107
Laurenene;0;1872
Laurenene;0;1891
Lavandulol;0;1159
Lavandulol;154;1166
Lavandulol acetate;0;1270
Lavanduly acetate;0;1289
Lavanduly isobutyrate;0;1423
Lavanduly isovalerate;0;1510
Lavandulyl 2-methyl butyrate;0;1513
Lavender lactone;0;1039
ledol;0;1565
Liguloxide;0;1531
Ligustilide <(E)->;0;1790
Ligustilide <(Z)->;0;1730
Lilial;0;1523
limonene;136;1031
limonene;136;1041
limonene;136;1057
Limonene aldehyde;0;1325
Limonene oxide;0;1134
Limonene oxide;0;1139
linalool;154;1098
Linalool;0;1098
linalool;154;1104
Linalool;0;1134
Linalool acetate;0;1234
Linalool acetate;0;1257
Linalool acetate;0;1275
Linalool butyrate;0;1422
Linalool isobutyrate;0;1374
Linalool oxide;0;1074
Linalool oxide;0;1088
Linalool oxide acetate;0;1285
Longiborneol (=Juniperol);0;1592
Longiborneol acetate;0;1679
Longicamphenylone;0;1559
Longicyclene;0;1373
Longifolene;0;1387
longifolene;0;1402
Longifolol;0;1726
Longifolol acetate;0;1814
Longipinanol;0;1561
Longipinanol;0;1566
Longipinene;0;1351
Longipinene;0;1398
Lyral;0;1661
m-cymene;134;1026
Maaliene;0;1380
maltol;126;1108
maltol;126;1112
Manool;0;1961
Manool;0;2056
Manool <3-alpha-acetoxy->;0;2356
Manool <3-alpha-hydroxy->;0;2295
Manool <7-alpha-hydroxy->;0;2235
Manoyl oxide;0;1989
Manoyl oxide;0;2010
Manoyl oxide <2-keto->;0;2208
Manoyl oxide <3-alpha-14,15-dihydro->;0;2332
megastigma-4,6(E),8(E)-triene;0;1338
megastigma-4,6(E),8(Z)-triene;0;1354
megastigma-4,6(Z),8(E)-triene;0;1358
megastigma-4,6(Z),8(Z)-triene;0;1324
Menth-1-en-9-ol;0;1291
Menth-1-en-9-ol acetate;0;1420
Menth-2-en-1-ol;0;1121
Menth-2-en-1-ol;0;1140
Menth-3-en-8-ol;0;1149
Mentha-1,5-dien-8-ol;0;1166
Mentha-1(7),8-diene;0;999
Mentha-1(7),8-diene;0;1004
Mentha-2,4(8)-diene;0;1086
Mentha-2,8-diene;0;981
Mentha-2,8-diene;0;985
Mentha-3,8-diene;0;1072
Menthane;0;978
Menthatriene <1,3,8-para->;0;1111
Menthene <1-para->;0;1023
Menthene <3-para->;0;986
Menthofuran;0;1164
Menthol;0;1165
Menthol;0;1173
Menthol;0;1188
menthone;154;1154
Menthyl acetate;0;1275
Menthyl acetate;0;1294
Menthyl isovalerate;0;1515
Menthyl lactate;0;1465
Menthyl lactate;0;1479
Mesitylene;0;994
Methional;104;911
Methoxy cinnamaldehyde <(E)-ortho->;0;1524
methyl 10-methyldodecanoate;228;1926
methyl 11,14-eicosadienoate;0;2118
methyl acetate;0;515
methyl acetate;0;1294
methyl anthranilate;0;1337
Methyl anthranilate;0;1402
methyl benzoate;136;1091
Methyl butyl acetate <2->;0;880
Methyl butyl benzoate <2->;0;1436
Methyl butyrate;0;724
Methyl chavicol;0;1195
Methyl cinnamate;0;1379
Methyl cinnamate <(Z)->;0;1301
Methyl citronellate;0;1261
Methyl communate;0;2256
Methyl communate <(Z)->;0;2228
methyl decanoate;186;1326
Methyl dihydro jasmonate;0;1680
Methyl dihydrojasmonate;0;1654
Methyl dodecanoate;0;1525
Methyl epi-jasmonate <(Z)->;0;1676
methyl eugenol;0;1401
Methyl geranate;0;1323
methyl hexadecanoate;0;1927
Methyl isoeugenol <(E)->;0;1495
Methyl isoeugenol <(Z)->;0;1456
Methyl jasmonate <(Z)->;0;1456
Methyl linolate;0;1279
Methyl nerolate;0;1279
Methyl nidoresedate;0;2388
Methyl octadecanoate;0;2128
Methyl para-anise;0;1371
Methyl pent-2-enolide <4->;0;951
methyl pentanoate;116;825
methyl salicylate;152;1190
methyl salicylate;152;1193
Methyl strictate;0;2388
Methyl tetradecanoate;0;1726
Methyl tiglate;0;866
methylbenzene;0;761
methylbenzene;0;763
methylcyclopentan;0;635
methylpyrazine;94;833
methylthiirane;0;650
Musk ambrette;0;1923
Musk ketone;0;1981
Musk xylol;0;1861
Muurol-5-en-4-alpha-ol;0;1554
Muurol-5-en-4-beta-ol;0;1545
Muurol-5-en-4-one;0;1682
Muurola-4(14),5-diene;0;1460
Muurolene;0;1477
Muurolene;0;1499
Muurolene <14-hydroxy-alpha->;0;1775
Muurolene <14-oxy-alpha->;0;1764
Muurolol;0;1641
Muurolol (=Torreyol);0;1645
Myrac aldehyde;0;1516
myrcene;136;991
Myrcenol;0;1118
Myrcenone;0;1148
Myristicin;0;1520
Myroxide <(E)->;0;1142
Myroxide <(Z)->;0;1132
Myrtanol;0;1252
Myrtanol;0;1258
Myrtanol acetate;0;1381
Myrtenal;150;1193
Myrtenol;0;1194
Myrtenyl acetate;0;1235
n-decane;0;1000
n-octadecane;0;1800
naphthalene;128;1179
naphthalene;128;1186
naphthalene;128;1217
Naphthalene <1-methoxy->;0;1441
nepatanolide (nepeta lactone);0;1306
neral;152;1240
nerol;154;1228
nerol;154;1251
Nerol oxide;0;1153
nerolidol;222;1562
Nerolidol <(E)->;0;1564
Nerolidol <(Z)->;0;1534
Nerolidol acetate <(E)->;0;1714
Nerolidol acetate <(Z)->;0;1675
Nerone;0;1408
Nerone;0;1436
Neryl acetate;0;1365
Neryl acetone;0;1434
Neryl isobutyrate;0;1491
Neryl propanate;0;1454
NEzukol;0;2126
Nojigiku acetate;0;1237
Nonadecane;0;1900
Nonalactone;0;1360
Nonanal;0;1102
nonanal;142;1104
nonanal;142;1105
nonanal;142;1107
nonanal;142;1109
Nonane;0;899
nonane;128;900
nonanoic acid;158;1275
nonanoic acid;158;1280
nonanol;144;1167
Nonanol;0;1171
Nonanol <2->;0;1098
Nonanol acetate;0;1312
Nonanone <2->;0;1091
nonylcyclopropane;168;1285
Nootkatin;0;1957
Nootkatone;0;1800
Nopinone;0;1137
Nopol;0;1277
Nopyl acetate;0;1424
Norbornen-2-ol;0;935
Norbornen-2-ol;0;945
Norbornen-2-ol acetate;0;1088
Norbornen-2-ol acetate;0;1092
Norbornene;0;747
Norbornene <5-methylene-2->;0;803
Norbornene-2-methanol;0;1061
Norbornene-2-methanol;0;1070
Norbornene-2-methanol acetate;0;1201
Norbornene-2-methanol acetate;0;1206
Norborneol;0;911
Norborneol;0;984
Norborneol acetate;0;1125
Norborneol acetate;0;1127
Nordavanone;0;1229
Nuciferol <(E)->;0;1758
Nuciferol <(Z)->;0;1727
Nuciferol acetate <(Z)->;0;1835
O-decylhydroxylamine;0;1100
Occidentalol;0;1548
Occidentalol;0;1600
Occidentalol;0;1645
Occidentalol acetate;0;1738
Occidol;0;1832
Occidol acetate;0;1970
Occindentalol acetate;0;1678
Occudentalol acetate;0;1781
Ocimene;0;1129
Ocimene;0;1142
Ocimene;0;1231
Ocimene <(Z)-beta->;0;1040
Ocimenone;0;1239
Octadecanal;0;1357
Octadecane;0;1800
Octadecanol;0;2082
Octadecanol acetate;0;2210
Octadecene <1->;0;1793
Octadienal <2,2-dimethyl-3,4->;0;1100
Octanal;0;1001
octanal;128;1002
octanal;128;1005
octane;114;800
Octane;0;800
Octane <1,1-dimethoxy->;0;1178
octanoic acid;0;1183
Octanoic acid, diethyl ester;0;1586
octanol;130;1066
Octanol;0;1070
octanol;130;1078
Octanol <2->;0;997
Octanol <3->;0;993
octanol acetate;0;1211
Octanol acetate <3->;0;1124
Octanone <2->;0;988
Octanone <3->;0;986
octen-3-ol <1->;0;978
Octen-3-yl acetate <1->;0;1110
Octene <(E)-2->;0;818
Octene <(E)-4->;0;799
Octene <(Z)-2->;0;809
Octene <1->;0;792
OCtimene <(E)-beta->;0;1050
octyl acetate;172;1200
Oplapanone;0;1733
Oplopanonyl acetate;0;1881
Oplopenone;0;1606
Orcinol;0;1370
Oroselone;0;2146
Osthol;0;2138
Oxido calamenene <1,11->;0;1489
Oxido himachalene;0;1574
p-cymene;134;1026
p-cymene;134;1038
p-ethylphenol;122;1167
palustrol;0;2314
Patchoulene;0;1441
Patchoulene;0;1456
Patchouli alcohol;0;1659
Pathcoulene;0;1380
Pentacosane;0;2500
pentadecane;0;1500
Pentadecanol;0;1778
pentanal;86;697
pentanal (valeraldehyde);86;696
Pentanal <5-hydroxy->;0;890
pentane;0;500
pentanethiol;0;822
pentanoic acid;102;1714
pentanol;88;754
pentanol;88;768
Pentyl acetate;0;915
Pentyl benzoate;0;1473
Pentyl isobutyrate;0;1057
Pentyl propanoate;0;972
Pentyl salicylate;0;1572
pentylbenzene;148;1168
pentylpyridine;0;1205
Perilla alcohol;0;1295
Perilla ketone;0;1248
Perillene;0;1099
Perrila aldehyde;0;1271
Phellandrene;0;1005
Phellandrene;0;1031
Phenol <2,6-dimethoxy->;0;1348
Phenol acetate <2,6-dimethoxy->;0;1443
Phenyl ethyl 3-methyl butanoate;0;1489
Phenyl ethyl acetate <1->;0;1192
Phenyl ethyl acetate <2->;0;1256
Phenyl ethyl alcohol;0;1110
Phenyl ethyl anthranilate <2->;0;2120
Phenyl ethyl butanoate <2->;0;1439
phenyl ethyl formate <2->;0;1174
Phenyl ethyl phenyl acetate <2->;0;1908
Phenyl ethyl propanoate <2->;0;1350
Phenyl ethyl tiglate <(E)-2->;0;1584
Phenyl heptan-3-one <1->;0;1524
Phenyl hexan-3-one <1->;0;1421
Phenyl pentan-3-one <1->;0;1334
Phenyl propanal <2->;0;1099
Phenyl propyl butyrate <2->;0;1484
Phenyl propyl iosbutyrate <2->;0;1439
Phenyl-4-methyl-pentan-3-one <1->;0;1380
Phenyl-tert-butanol;0;1156
phenylacetaldehyde;120;1045
Phyllocladanol;0;2200
Phyllocladene;0;2011
Phytol;296;1949
Phytol acetate <(E)->;0;2221
Pimaradiene;0;1941
Pinan-2-ol;0;1119
Pinan-2-ol;0;1142
Pinane;0;973
Pinane;0;983
Pinanediol;0;1316
Pinanediol;0;1360
Pinene;0;939
Pinene;0;980
Pinene hydrate;0;1121
Pinene hydrate;0;1140
Pinene oxide;0;1095
Pinene oxide;0;1156
Pinocampheol;0;1170
Pinocampheol;0;1178
Pinocamphone (=cis-3-pinanone);0;1173
Pinocamphone (=trans-3-pinanone);0;1160
Pinocarveol;0;1139
Pinocarveol;0;1183
Pinocarvone;0;1162
Pinocarvyl acetate;0;1297
Pinocarvyl acetate;0;1309
Piperitenone oxide;0;1363
Piperitol;0;1193
Piperitol;0;1205
Piperitol acetate;0;1330
Piperitol acetate;0;1340
Piperitone;0;252
Piperonal;0;1329
Pipitzol <0-methyl,alpha->;0;1833
Pipitzol <0-methyl,beta->;0;1846
Pregeijerene;0;1288
propanethiol;0;614
propanoic acid;74;1529
Propyl butyrate;130;896
Propyl chromone <2->;0;1702
Propyl tiglate;0;1034
propylbenzene;120;964
propylcyclohexane;126;939
pseudoionone;140;1527
Pulegol;0;1213
Pulegone;0;1237
Pyrazine;0;826
Pyrazine;0;1085
Pyrazine;0;1093
Pyrazine <2-acetyl->;0;1020
Pyrazine <2-acetyl-3-ethyl->;0;1159
Pyrazine <2-acetyl-3-methyl->;0;1080
Pyrazine <2-ethyl->;0;906
Pyrazine <2-ethyl-3-methyl->;0;1001
Pyrazine <2-methoxy->;0;895
Pyrazine <2-methoxy-3-(2-methylpropyl-)->;0;1180
Pyrazine <2-methoxy-3-methyl->;0;972
Pyrazine <2,3-diethyl->;0;1082
Pyrazine <2,3-dimethyl->;0;920
Pyrazine <2,3,5-trimethyl->;0;999
Pyrazine <2,5-dimethyl->;0;911
Pyrazine <2,6-dimethyl->;0;912
Pyrazine <3-methyl-2-isobutyl->;0;1135
pyridine;79;722
pyridine;79;750
pyridine;79;753
pyrrole;67;762
Quinoline <6-isopropyl->;0;1507
Rimuene;0;1894
Rimunene;0;1956
Rose oxide;0;1111
Rose oxide;0;1127
Sabina ketone;0;1117
Sabina ketone;0;1156
Sabinene;136;976
Sabinene hydrate;0;1068
Sabinene hydrate;0;1097
SAbinene hydrate acetate;0;1219
Sabinene hydrate acetate;0;1253
SAbinol;0;1140
Sabinyl acetate;0;1291
Saflore;0;1285
salicylaldehyde;0;1041
Salicylic acid, butyl ester;0;1468
Salicylic acid, hexyl ester;0;1675
Salvene <(E)->;0;865
Salvene <(Z)->;0;855
Sandalore;0;1494
Sandaracopimara-8(14),15-diene;0;1960
Santalene;0;1420
Santalene;0;1449
Santalene;0;1462
Santalol <(E)-beta->;0;1741
Santalol <(Z)-beta->;0;1704
Santalol <(Z)-beta->;0;1720
Santalol <(Z),alpha->;0;1678
SAntalol acetate <(E)-beta->;0;1872
Santalol acetate <(Z)-beta->;0;1823
Santalol acetate <(Z)-epi-beta->;0;1809
Santalol acetate <(Z),alpha->;0;1783
Santalone;0;1182
Santolina alcohol;0;1037
Santolina triene;0;908
Santolinyl acetate;0;1171
Santonine;0;2202
Sclarene;0;1967
Sclareol;0;2220
Selin-11-en-4-alpha-ol;0;1652
Selina-3,7(11)-diene;0;1542
Selinene;0;1485
Selinene;0;1494
Selinene <7-epi-alpha->;0;1517
Sentene;0;888
Sesamol;0;1312
Seselin;0;1992
Sesquicineole;0;1514
Sesquilavandulol <(E)->;0;1632
Sesquilavandulol <(Z)->;0;1606
Sesquilavandulyl acetate <(E)->;0;1740
Sesquilavandulyl acetate <(Z)->;0;1733
Sesquiphellandrene;0;1524
Sesquisabinene hydrate;0;1545
Sesquisabinene hydrate;0;1580
Seychellene;0;1460
Silphinene;0;1443
Sinensal;0;1695
Sinensal;0;1752
Skatole;131;1381
Spathulenol;0;1576
Stemone;0;1126
Stilbene <4-hydroxy->;0;2043
Stilbene <4-methoxy->;0;1990
Sylvestrene;0;1027
Syringaldehyde;0;1656
Tagetone <(E)->;0;1146
Tagetone <(Z)->;0;1153
Ternine <(Z)->;0;1838
Terpin-1-ol;0;1134
Terpin-4-ol;0;1177
Terpin-4-ol acetate;0;1340
Terpinen-7-al;0;1283
Terpinen-7-al;0;1287
Terpinene;0;1018
Terpinene;0;1062
Terpineol;0;1144
Terpineol;0;1161
Terpineol;0;1163
Terpineol;0;1189
terpinolene;136;1088
Terpinyl acetate;0;1298
Terpinyl acetate;0;1315
Terpinyl acetate;0;1350
Terpinyl isobutyrate;0;1471
Tetracosane;0;2400
tetradecanal;212;1207
tetradecanal;212;1611
tetradecanal;212;1614
tetradecanal;212;1618
tetradecanal;212;1619
Tetradecane;0;1399
tetradecanoic acid;0;1770
Tetradecanol;0;1676
Tetradecene <1->;0;1392
tetrahydro-cic-2,4-dimethylfuran;0;1004
Tetrahydrofuran <2,5-diethenyl-2-methyl->;0;916
tetramethylpyrazine;136;1096
thiazole;85;715
thiazole;85;740
thiazole;85;742
thiazole;85;745
Thiazole <2-acetyl->;0;1014
Thiazole <2-ethoxy->;0;957
Thiazole <2-isobutyl->;0;1034
Thiazole <2,4,5-trimethyl->;0;995
Thiazole <4-methyl->;0;818
Thiazole <4,5-dimethyl->;0;934
Thiazole <5-acetyl-2,4-dimethyl->;0;1235
thiazolidine;89;903
thiazolidine;89;909
thiirane;0;589
thiophene;84;677
Thiophene <2-butyl->;0;1059
Thuj-3-en-10-al;0;1181
Thuja-2,4-(10)-diene;0;957
Thujanol;0;1133
Thujanol;0;1146
Thujanol;0;1149
Thujanol <3->;0;1166
Thujaplicin;0;1407
Thujaplicin;0;1479
Thujaplicin;0;1536
Thujene;0;931
Thujone;0;1102
thujone;0;1114
Thujopsadiene;0;1462
Thujopsan-2-alpha-ol;0;1581
Thujopsan-2-beta-ol;0;1583
Thujopsanone <3->;0;1650
Thujopsanone <3-iso->;0;1637
Thujopsene;0;1429
Thujyl acetate;0;1271
Thujyl acetate;0;1278
Thujyl acetate;0;1301
Thujyl acetate <3->;0;1291
Thymohydro quinone;0;1553
Thymol;150;1290
Thymol acetate;0;1355
Thymol, methyl ether;0;1235
Thymoquinone;0;1249
Tolualdehyde;0;1066
Tolualdehyde;0;1067
Tolualdehyde;0;1079
toluene;92;774
Totarene;0;1918
Totarol;0;2278
Totarol;0;2303
Totarol acetate;0;2417
trans-1,2-dimethylcyclopentane;0;1110
trans-2-decenal;0;1264
trans-2-heptenal;0;961
trans-2-hexenal;0;856
trans-2-nonenal;0;1161
trans-2-nonene;0;916
trans-2-octenal;0;1060
trans-2-octene;0;818
trans-2-tetradecenal;0;1673
trans-2-undecanal;0;1366
trans-3,5-dimethyl-1,2,4-trithiolane;0;1161
trans-4,5-epoxy(E)-2-decanal;0;1384
trans-dimethylthiirane;0;746
trans,trans-2,4-decadienal;0;1317
trans,trans-2,4-heptadienal;0;1010
Tricosane;0;2300
Tricylene;0;926
tridecanal;198;1518
Tridecane;0;1299
Tridecanol;0;1575
Tridecanol <1->;0;1575
Tridecene <1->;0;1292
Trimenal <(E)->;0;1418
Trimenal <(Z)->;0;1395
Trimethyl benzene <1,2,4->;0;1012
trimethylpyrazine;122;999
Tryptamine;160;1755
Turmerol;0;5178
Turmerone;0;1591
Turmerone;0;1664
Umbellulone;0;1171
Undec-10-en-1-al;0;1296
Undec-9-en-1-al;0;1308
undecanal;170;1305
undecanal;170;1306
Undecanal <2-methyl->;0;1366
Undecane;0;1099
undecane;156;1100
undecanol;172;1369
Undecanol;0;1372
Undecanone <2->;0;1291
Valencene;0;1491
Valeranone;0;1672
Valerianol;0;1655
Valeric acid <3-methyl->;0;947
Vanilin acetate;0;1524
Vanillin;0;1298
Vanillin;152;1391
Vanillin;0;1452
Vebenene;0;967
Veloutone;0;1306
Veratrole;0;1147
Verbanol;0;1177
Verbanol;0;1182
Verbanol;0;1187
Verbanol;0;1195
Verbanol acetate;0;1306
Verbanol acetate;0;1318
Verbanol acetate;0;1328
Verbanol acetate;0;1340
Verbenol;0;1140
Verbenol;0;1144
verbenone;0;1204
Verbenyl acetate;0;1282
Verbenyl acetate;0;1292
Vertocitral C;0;1078
Vertocitral C;0;1103
Vestitenone;0;1443
Vetivenene;0;1586
Vetivenol;0;1783
Vetivone;0;1809
Vetivone;0;1835
vinylbenzene (styrene);104;889
Viridiflorene;0;1493
viridiflorol;0;1590
Vulgarone B;0;1647
Warburganal;0;2016
Widdrol;0;1597
Xanthorrhizol;0;1751
Ylangene;0;1372
Yomogi alcohol;0;998
Zerumbone;0;1731
Zingiberene;0;1495
Zizanal;0;1690
